ticker,date,title,source,author,url,sentiment
NVDA,2025-04-23T18:34:19Z,Ultimate Insider Marjorie Taylor Greene’s #3 Stock Pick: NVIDIA Corporation (NVDA),Yahoo Entertainment,未知作者,https://consent.yahoo.com/v2/collectConsent?sessionId=1_cc-session_c7ac393a-994a-4470-8287-35d91dd0810e,neutral
NVDA,2025-04-21T22:06:14Z,The Future of Compute: Nvidia's Crown Is Slipping,Substack.com,Mohit Agarwal,https://mohitdagarwal.substack.com/p/from-dominance-to-dilemma-nvidia,neutral
NVDA,2025-04-21T05:31:15Z,TSMC warns of limits of ability to keep its AI chips from China,Yahoo Entertainment,Jane Lanhee Lee,https://finance.yahoo.com/news/tsmc-warns-limits-ability-keep-053115583.html,neutral
NVDA,2025-04-20T11:00:00Z,"Google, Tesla, and IBM earnings lead a make-or-break week for stocks",Quartz India,Catherine Baab,https://qz.com/google-tesla-ibm-earnings-stock-markets-tsla-googl-htz-1851776677,neutral
NVDA,2025-04-19T12:00:00Z,Earnings Season Kicks Into Gear While Tariffs Dominate Markets,Forbes,"Bill Stone, Contributor, 
 Bill Stone, Contributor
 https://www.forbes.com/sites/bill_stone/",https://www.forbes.com/sites/bill_stone/2025/04/19/earnings-season-kicks-into-gear-while-tariffs-dominate-markets/,neutral
NVDA,2025-04-17T13:30:00Z,UnitedHealth cracks the Dow wide open,Quartz India,Catherine Baab,https://qz.com/unh-dow-earnings-double-hit-april-17-1851776547,neutral
NVDA,2025-04-16T20:48:24Z,Nvidia could be hit hard by the new chip export license. Analysts warn the big decision is still to come.,Business Insider,Emma Cosgrove,https://www.businessinsider.com/nvidia-export-rules-trump-china-strategy-sales-2025-4,neutral
NVDA,2025-04-10T16:01:26Z,"Apple, Nvidia, Meta, and more Magnificent 7 stocks slide",Quartz India,Harri Weber,https://qz.com/apple-nvidia-magnificent-7-stocks-slide-1851775625,neutral
